"","Supplier.Name","tot"
"1","0956196 bc",6
"2","2ii",5
"3","379 aew/ecpts",11
"4","3sdl",5
"5","3wg aviation aafc",9
"6","a & g price",33
"7","a & g price div cpd enginee*",5
"8","a & p group",482
"9","a and g price",21
"10","a-t solutions",5
"11","a&g price",5
"12","aai",55
"13","aai corporation textron systems",5
"14","aar manufacturing dba aar mobi",5
"15","aarhus universitet",12
"16","aarons audrey",6
"17","abb",10
"18","abelia",7
"19","accounts receivable administrator",17
"20","accuracy 1st",5
"21","accuracy international",44
"22","acquia",14
"23","acroamatics",20
"24","adam smith international",32
"25","adams rite aerospace",23
"26","adex nihon keizai advertising",5
"27","adf solutions",6
"28","adobe systems software ireland",10
"29","ads international",9
"30","advanced rotorcraft technology",5
"31","aero dynamix",6
"32","aero hardware & parts",21
"33","aero international",28
"34","aero precision industries",14
"35","aero systems engineering",16
"36","aeronautical & general instruments",25
"37","aeronix",7
"38","aerospace manufacturing",7
"39","aerotest",13
"40","agensi sri cemerlang",8
"41","aggreko (singapore) pte",8
"42","agiltron",17
"43","agulhas development consultants",13
"44","agustawestland",137
"45","air new zealand",182
"46","air new zealand div air",52
"47","air new zealand division",5
"48","air new zealand engineering",5
"49","air7000 p8 poseidonrement 1",20
"50","airborne systems",18
"51","airboss defense",5
"52","airbus defence and space",28
"53","aircraft technical publishers",7
"54","airdatec",5
"55","airflite",9
"56","airways hotel & apar",5
"57","alan beckett",8
"58","alelo tlt",8
"59","alenia aermacchi spa",27
"60","alexis park resort & spa",7
"61","alfred hospital radiotherapy",11
"62","aliansi jurnalis independen",6
"63","all-system aerospace intl",10
"64","allen vanguard",5
"65","allen vanguard threat solutions",5
"66","allen-vanguard",119
"67","allen-vanguardtechnologies",22
"68","alliant techsystems",42
"69","alloy surfaces",10
"70","alpha armouring panzerung",10
"71","altair engineering div headqua",7
"72","altia digital policing",5
"73","altia solutions",16
"74","amara hotel",5
"75","amazon web services",58
"76","ambrose christian",5
"77","american apex",6
"78","american chemical society",6
"79","american science & engineering",5
"80","amherst systems",25
"81","ams advanced maintenance systems",9
"82","amsafe bridport",6
"83","analysys mason",19
"84","andrew christian",6
"85","andrew love centre",11
"86","anthony land associates",8
"87","antrix corporation",11
"88","anz business card service",24
"89","appian software switzerland",6
"90","appsense",20
"91","apriva iss",11
"92","archipelago marine research",11
"93","arcitura education",7
"94","argon st",5
"95","ariel optics",5
"96","arincorporated",16
"97","armatec survivability",24
"98","armoured specialty cars",5
"99","armtec countermeasures",23
"100","arrow tech associates",5
"101","asco motors",7
"102","aseanet the south east asian loop of bionet international",10
"103","ashcote consulting",6
"104","asia pacific metrology programme",9
"105","asia pacific telecommunity",5
"106","associated aircraft manufacturing",109
"107","astute electronics",8
"108","at engine controls",30
"109","atlantic exhibits",5
"110","atlas elektronik uk",24
"111","atlassian",8
"112","auckland uniservices",8
"113","aura sro",5
"114","aurec",6
"115","auscon",5
"116","aust public svc comm",5
"117","austin & repatriation medical ctr",11
"118","australasia holdings",8
"119","australian bedding",5
"120","australian government solicitor",6
"121","auswood construction & project mgmt",9
"122","automated business power llc db",10
"123","avantstar",7
"124","aviall airline",7
"125","aviall services",8
"126","aviall services dba aviall of",5
"127","aviation devices and electronic com",8
"128","aviva solutions",6
"129","avon barrier",8
"130","avox systems",24
"131","avtron aerospace",8
"132","awr",7
"133","axa insurance",5
"134","axa insurance singapore pte",6
"135","ba insight",5
"136","ba-insight",9
"137","babel street",6
"138","badley geoscience",5
"139","bae systems (operations)",16
"140","bae systems (operations)-lifcap",78
"141","bae systems aerospace & defense",9
"142","bae systems aerospace & defense gro",11
"143","bae systems controls",35
"144","bae systems controls dba bae s",6
"145","bae systems global combat systems l",19
"146","bae systems information",9
"147","bae systems information and electro",31
"148","bae systems land systems (weapons",6
"149","bae systems national security solut",40
"150","baines simmons",5
"151","ballarat austin radiation oncology",9
"152","baser heather",6
"153","basic engineering concepts",15
"154","bayu purnama sdn bhd",9
"155","bdg synthesis",7
"156","be meyers",8
"157","beak engineering",6
"158","beijing fuhua exhibition",5
"159","benfield marketing",6
"160","bentham instruments",6
"161","bentley systems international",22
"162","berlinger special",12
"163","bin hamoodah properties",6
"164","binswanger hans p",5
"165","birches group",5
"166","bjs agencis",7
"167","blackbox biometrics",5
"168","blackheath economics",6
"169","bloomberg",23
"170","bloomberg finance lp",33
"171","bloomberg lp",5
"172","blue aerospace",10
"173","bluewater systems",6
"174","boeing",770
"175","boeing company boeing",41
"176","boeing company the",8
"177","boeing company the defense space",8
"178","boeing company the div defense spac",5
"179","boeing company the!dba boeing",6
"180","boeing d",11
"181","boeing information space & defence",10
"182","boeing(westpac)",13
"183","boise state university",7
"184","boroko foodworld",9
"185","bowbridge software",5
"186","bp marine",8
"187","brandt oilfield services",5
"188","brett goodhew",5
"189","brian tamberlin qc",5
"190","brightway engineering",14
"191","british met office",5
"192","british meteorological office uk",6
"193","brocade communications switzerland",6
"194","bundesamt fuer wehrtechnik und besc",5
"195","bundeskasse trier",8
"196","bundeswehr service centre bonn",5
"197","burdeshaw associates",10
"198","bureau international des poids et mesure (bipm)",6
"199","burjuman centre",8
"200","burnt pine travel",40
"201","business monitor international",7
"202","c & m engineers",9
"203","c&c building materials",6
"204","c&m associates",16
"205","caci technologies",13
"206","cae",22
"207","cae flightscape",8
"208","cae flightscapeorporated",6
"209","camfil farr new zealand",7
"210","canadian commercial",5
"211","canadian commercial corp dba corpor",7
"212","canberra hospital",11
"213","capital financial consultants",13
"214","caris a universal systems",7
"215","cartesian",11
"216","cartesian getthepat",8
"217","cartesian products",14
"218","cartridge actuated devices",12
"219","cas",6
"220","cassidian electronics",10
"221","castaneda tarsicio",7
"222","caterpillar sarl (singapore) branch",5
"223","cba consulting group",10
"224","cbh           81630014",5
"225","cbt nuggets",15
"226","ceb",97
"227","ceb global",18
"228","cellebrite",7
"229","central meridian",6
"230","centre for health economics and policy analysis",7
"231","century 21 siule r/e",15
"232","certification services",6
"233","cesg",5
"234","ceteris",5
"235","changepoint canada ulc",21
"236","channel research sprl",7
"237","charles kendall & partners",66
"238","chart",5
"239","chelton",8
"240","chemical abstracts service",26
"241","chemring countermeasures",5
"242","chesapeake technology",5
"243","choong lye hock estates sdn bhd",9
"244","christmas island administration",13
"245","christmas island adminstration",7
"246","christmas island real estate",5
"247","cimmyt",8
"248","cireson",17
"249","cit aerospace",8
"250","clarivate analytics",13
"251","cloudera",12
"252","cls",18
"253","cm beasy",13
"254","cmc electronics",9
"255","cnc trading",5
"256","coastal environmental systems",7
"257","cobham antenna systems",5
"258","coex",6
"259","collabnet",5
"260","collaborative labeling and appliance standards program",5
"261","collingwood ian",16
"262","colt defense",20
"263","columbia helicopters",312
"264","commonwealth local governement foru",5
"265","commonwealth war graves commission",5
"266","compass - integrated logistics",7
"267","complete parachute solutions",13
"268","complete parachute solutions db",6
"269","compunetix",10
"270","computer corporation of  america",9
"271","computer corporation of america",28
"272","computer modelling group",13
"273","computer systems (australia)",6
"274","conbrio technology",9
"275","concept construction",11
"276","concur holdings (netherlands)",6
"277","conrico international",5
"278","consensus economics",7
"279","consortium for advanced management",5
"280","convergent performance",7
"281","cooneen watts & stone",5
"282","cooney john r",12
"283","copyright agency",9
"284","corasworks",6
"285","cornet technology",6
"286","corporate exective board",7
"287","corporate executive board",203
"288","corporate executive board - us",5
"289","corporate executive board (ceb)",5
"290","corporate executive board company t",12
"291","cortell australia",5
"292","cowater international",7
"293","cox purtell",17
"294","cpa global",9
"295","cranfield university",20
"296","cray",21
"297","creative merchandise solutions",8
"298","crestwood technology group",5
"299","critical solutions international in",25
"300","crowne plaza",5
"301","crye precision",22
"302","cst computer simulation technology",30
"303","cubic defence new zealand",148
"304","cubic defense applications",86
"305","cunning running software",6
"306","cushman & wakefield",5
"307","cyalume technologies",10
"308","cytec engineered materials",15
"309","d software",5
"310","d software dba zephyr",6
"311","d'adamo nick",14
"312","daewoo shipbuilding & marine engine",5
"313","damen shipyards gorinchem",7
"314","datapath dba datapath",6
"315","datasift",6
"316","datron advanced technologies",5
"317","davao engineers contractors co-operative (deck)",6
"318","davin industries",6
"319","davis w r engineering",17
"320","dba no magic uab",8
"321","dba sans institute",27
"322","dcns",10
"323","dcx-chol enterprises dba dcx di",6
"324","deep-secure",5
"325","defence bills agency",9
"326","defense finance & accounting servic",40
"327","defense finance and accounting serv",13
"328","definiens",8
"329","dell software international",12
"330","deloitte touche tohmatsu",7
"331","delta software technology",10
"332","denis ferranti meters",11
"333","department of defense",15
"334","derco aerospace",9
"335","deutsches zentrum fuer luft- und ra",5
"336","developing markets associates",6
"337","development pathways",13
"338","dfas cleveland",13
"339","dfas omaha operating location",10
"340","dfas-addo",9
"341","dg-flugzeubau",5
"342","dhl international wll",9
"343","diagnostic solutions international",6
"344","digicert",7
"345","diginext",9
"346","digitalglobe",15
"347","dillon aero",32
"348","dipende",6
"349","dmojsf official australian account",67
"350","dobunaba felecia",6
"351","dok-ing doo",7
"352","domo",7
"353","douglas equipment",8
"354","dow jones reuters business",21
"355","dow jones reuters business interact",5
"356","dowty propellers",53
"357","dr steve g zantos",7
"358","drallim industries",13
"359","drehtainer",11
"360","drs network & imaging systems",9
"361","drs sustainment systems",52
"362","drs sustainment systems - au",15
"363","drs sustainment systems div dr",7
"364","drs test & energy management",12
"365","drs training & control systems",10
"366","dsm geodata",33
"367","dsto",8
"368","dunlop grg holdings",11
"369","duo primo transporte executivoa",5
"370","dynamic control international",7
"371","e-ngage development",5
"372","e2v technologies",40
"373","eads construcciones aeronauticas sa",27
"374","eads deutschland",7
"375","eads deutschland gmbh defence elect",26
"376","eads deutschland t/a cassidian ele",14
"377","eads-casa (servicio posventa)",90
"378","earth sea sky equipment",5
"379","east west consultants international",5
"380","east/west industries",24
"381","eca international",39
"382","eclipse resourcing group",6
"383","economic policy research institute",21
"384","economist intelligence unit",5
"385","ecorys netherlands",18
"386","eiu australia",11
"387","ektron",6
"388","ela beach hotel",5
"389","ela motors",16
"390","elbit systems",273
"391","elbit systems electro-optics- aud",7
"392","elceetee trust -e-",11
"393","elisra electronic system",10
"394","elsevier",120
"395","elsevier bv (overseas - nl)",5
"396","elta electronics industries",14
"397","elta systems",177
"398","em software & systems sa",33
"399","embarcadero",11
"400","embarcadero technologies europe",8
"401","emerald group publishing",21
"402","emerging compounds treatment",8
"403","emmott sue",15
"404","endace accelerated",20
"405","enercon",11
"406","enersys energy products",10
"407","enforcement technology group",5
"408","engenuity technologies",5
"409","engility",30
"410","engineering software research and d",10
"411","enoc international sales",89
"412","ensign-bickford aerospace & defense",10
"413","enterprise leasing",5
"414","entrust",50
"415","environmental tectonics",14
"416","eos international",17
"417","epworth foundation",12
"418","erapsco dba sonobuoytechsystems",25
"419","esim games",9
"420","esl defence",14
"421","esmart solutions",7
"422","esri global (usa)",7
"423","essex industries",9
"424","essex industries div manufact",5
"425","essex industries div manufactu",5
"426","estanconfor representação patrimoniala",5
"427","euromonitor international",7
"428","european patent office",15
"429","eurotorp",116
"430","ew simulation technology",75
"431","exelis dba radar reconnaissan",6
"432","exelis visual information solutions",7
"433","expal systems sa",18
"434","explication",13
"435","exploratorium",6
"436","export council of australia",10
"437","facet international marketing",5
"438","factiva",78
"439","factiva dow jones & reuters",19
"440","fatigue technology",5
"441","fco services",18
"442","fed reserve bank of new york its",208
"443","federal reserve bank of ny/its",13
"444","fellfab",7
"445","ffg flensburger fahrzeugbau",6
"446","ffg flensburger fahrzeugbau gesells",8
"447","fiberguide industries",8
"448","fiji school of medicine",5
"449","financial management shared service",83
"450","financial times",10
"451","financial timesftcom",5
"452","finmeccanica spa",24
"453","first hawn bank-hickam br",5
"454","first marine international",9
"455","first reign sdn bhd",5
"456","flensburger fahrzeugbau gesellschaf",40
"457","fletcher kwaimani joint venture",6
"458","fletcher morobe construction",9
"459","flight safety",8
"460","flightline electronics dba ult",5
"461","flightsafety",10
"462","flightsafety international",11
"463","flir systems!dba fsi div corpor",6
"464","flir unmanned aerial systems as",7
"465","fluid management systems",15
"466","fms account",2386
"467","fn herstal",40
"468","fn herstal sa",451
"469","foley exhibitions",7
"470","forecast international",9
"471","forgerock",5
"472","forsvarets materielverk defence mat",7
"473","fossil exhibits",5
"474","frank cullen",5
"475","frank mohn services as",6
"476","franz",7
"477","fraunhofer institute for high",7
"478","frazer-nash consultancy",6
"479","freeland nicholas",13
"480","frida arounsavath",6
"481","froglogic",5
"482","frontline safety australia",9
"483","frontline safety australia - usd",7
"484","fuji trading (singapore) private li",8
"485","futura defence",18
"486","futura simulations",8
"487","future services general trading",20
"488","g4s secure solutions",13
"489","gastops",16
"490","gate gourmet",5
"491","gatr technologies",5
"492","ge aviation bishops cleeve cheltenh",10
"493","ge aviation systems llc dba ge avia",7
"494","geae holdings",16
"495","gempa",9
"496","general atomics aeronautical system",9
"497","general dynamics",5
"498","general dynamics armament and techn",7
"499","general dynamics c4 systems",70
"500","general dynamics canada",39
"501","general dynamics canada gd cana",17
"502","general dynamics european land",10
"503","general dynamics land systems - can",9
"504","general dynamics mission systems i",13
"505","general dynamics mission systems!i",48
"506","general dynamics ordnance and tacti",11
"507","general dynamics satcom technologie",5
"508","general electric",16
"509","general electric company dba ge div",8
"510","genomequest",9
"511","geocap",10
"512","geomark research",8
"513","geos4",25
"514","geoscienceworld",6
"515","geotech instruments",5
"516","gibbs & cox!div finance",6
"517","gichner shelter systems",7
"518","gillian mary brown",5
"519","global data",7
"520","global development solutions",14
"521","global resilience services",9
"522","gn clearing",6
"523","gns science",22
"524","goodrich",16
"525","goodrich corporation dba goodrich p",15
"526","google",6
"527","government of the philippines",5
"528","gp construction",6
"529","grammatech",5
"530","green hills software",12
"531","greenwich university enterprises",11
"532","guardian independent",5
"533","h p holman clinic",11
"534","haigh-farr",10
"535","hale and twomey",8
"536","hall & watts australia",12
"537","halogen software",6
"538","hamilton sundstrand",7
"539","harris",9
"540","harris corporation dba government c",7
"541","harris corporation dba harris rf",236
"542","hart energy publishing lllp",8
"543","harvard business school",9
"544","harvard kennedy school",15
"545","harvard university",13
"546","harvard university business school",15
"547","harvard university john f kennedy s",8
"548","harwicks",5
"549","haskoning dhv uk",20
"550","hawk protection",5
"551","hdt expeditionary systems",28
"552","hearing components",5
"553","heckler & koch",78
"554","helipro component services",30
"555","helmet integrated systems",33
"556","hensoldt sensors",7
"557","hercules cossurm project",7
"558","heritage expeditions",12
"559","hesco bastion",12
"560","hex rays sa",19
"561","higgins kathleen mansfield",6
"562","hilton guam resort & spa",7
"563","hirox asia",5
"564","hitech global distribution",10
"565","honeywell air transport - phoenix",5
"566","honeywell international dba ho",36
"567","honeywell international dba hon",11
"568","honeywell regelsysteme",7
"569","hpi high pressure intrumentation ge",5
"570","htspe",8
"571","hughes associates",7
"572","hughes network systems",7
"573","human solutions of north america i",8
"574","human solutions of north america in",13
"575","human solutions of north america!i",5
"576","humanetics innovative solutions",7
"577","humanitarian outcomes uk",5
"578","hydraulics international",7
"579","iaccm",13
"580","ibfd",6
"581","ibfd publications",13
"582","ibl software engineering",20
"583","icenica",7
"584","icrp",5
"585","ideascale",5
"586","idp education (cambodia)",5
"587","ihs (global)",12
"588","ihs energy group",6
"589","ihs global",21
"590","ihs global pte",61
"591","iic technologies",10
"592","illo jeanne frances i",6
"593","imagination engines",7
"594","imi systems",8
"595","inchcape shipping agency-oman",5
"596","inchcape shipping services",114
"597","inchcape shipping services - dubai",88
"598","inchcape shipping services (abu dha",6
"599","inchcape shipping services (dubai)",49
"600","incognito software",5
"601","indal technologies",15
"602","indiana university office of resear",6
"603","indigo software",16
"604","industeel france",5
"605","industries de cables d'acier ltee",5
"606","inflation systems",10
"607","informa uk",25
"608","information engineering technology",26
"609","information security corporation db",6
"610","information security forum",10
"611","inmarsat solutions",7
"612","innovation data processing",20
"613","innovative computer engineering",6
"614","insa secretariat",5
"615","institut maritime du quebec",10
"616","institute of marine engineering",7
"617","instrument specialties company",6
"618","integrated geochemical interpretation",8
"619","integrated procurement technologies",43
"620","intelsat",24
"621","intelsat general",15
"622","inter'l org for migration",40
"623","inter'l org for migration (aud)",6
"624","interfacing technologies",5
"625","international air transport associa",9
"626","international auditing and financial consulting company",5
"627","international hydrographic bureau",11
"628","international institute of communications",5
"629","international livestock research institute",9
"630","international maize and wheat improvement center",7
"631","international nickel study group",5
"632","international organisation development",9
"633","international organisation development limited (iod parc)",15
"634","international organisation for migration",22
"635","international rice research institute",7
"636","international seismological centre",12
"637","international telecommunications",6
"638","international water management institute",5
"639","interoil products",37
"640","intrinsyc softwear international",5
"641","iod parc",17
"642","iom - canberra",5
"643","island plumbing & gas",6
"644","israel aircraft ind",5
"645","israel military industries",5
"646","iss shipping india pvt",5
"647","issa",5
"648","it & t visual systems",6
"649","itcn",6
"650","itt",8
"651","itt corporation dba i t t night vis",6
"652","itt visual information solutions",11
"653","iucn - the world conservation union",8
"654","ivanti uk",8
"655","jacob goeree",5
"656","jakarta centre for law enforcement",8
"657","jama software",10
"658","james fisher marine services limite",59
"659","james ogg",7
"660","jankel armouring",40
"661","janssen guy mathieu agnes",5
"662","jay moulding",6
"663","jda systems",5
"664","jeffcott associates",21
"665","jeppesen marine",8
"666","jeppesen sanderson dba jeppes",14
"667","jet aviation (asia pacific) pte",10
"668","jetbrains sro",6
"669","jfk school of govt exec",20
"670","jive software",11
"671","jlt aerospace",17
"672","johanson vanessa",8
"673","john weaver",5
"674","john wiley & sons",14
"675","john winter consultancy",12
"676","joint strike fighter-official austr",8
"677","jpo project pammandi cbass embassay",44
"678","jstor",10
"679","justicetrax",9
"680","kaman aerospace intl",48
"681","kane paramount sdn bhd",13
"682","kane paramount sdn bhd (trust)",6
"683","karolina kalanj",8
"684","keibunsha",5
"685","kellstrom defense aerospace",13
"686","kellydavid swete",17
"687","kenn borek air",12
"688","kensington software management",10
"689","ketua akauntan kementah malaysia",5
"690","ketua akauntan kemmenterian pertaha",8
"691","ketua akauntan pertahanan",12
"692","khsb marketing sdn bhd",7
"693","kidd stephen",28
"694","kinemetrics",17
"695","king nutronics",5
"696","kings college london",8
"697","kiribati oil",6
"698","klinge corporation dba reefer parts",38
"699","knight's armament",5
"700","knights armament",79
"701","kok yoon soong",5
"702","kongsberg maritime as - simulation",5
"703","kongsberg maritime as former kongsb",7
"704","kongsberg protech as",9
"705","kongsberg protech systems",32
"706","kovacs enterprise",5
"707","kulite semiconductor products",11
"708","kva consult",6
"709","kwa performance industries",8
"710","kwong soon engineering company priv",5
"711","l-3 communications",6
"712","l-3 communications corporation",36
"713","l-3 communications corporation div",14
"714","l-3 communications cyterra corporat",6
"715","l-3 communications maripro",8
"716","l-3 communications mas (canada)",171
"717","l-3 communications mas (canada)-aud",49
"718","l-3 communications microdyne",12
"719","l-3 communications security and det",5
"720","l-3 services c2s2 division",11
"721","l-3 services dba linkabit div",6
"722","l-3 services div pulse science",8
"723","l-3 trl technology",25
"724","labcyte",5
"725","lally michael robert",6
"726","laqeretabua anna silika",5
"727","larsen & brusgaard aps",6
"728","laser products",28
"729","lcf systems",197
"730","leica geosystems",5
"731","lenco industries",5
"732","lendlease building",5
"733","leonardo mw",24
"734","leonardo spa aircraft division",58
"735","lgc standards",8
"736","liew kim lan",6
"737","life support international",14
"738","limo lissotschenko mikrooptik",8
"739","lincad",11
"740","lindquist consulting",15
"741","linkedin ireland",9
"742","linkedin singapore pte",9
"743","lithium technologies",6
"744","livermore software technology corpo",17
"745","liverpool hospital",11
"746","lj hooker (port moresby)",6
"747","lms international nv",22
"748","lo-rez vibration control",5
"749","lockheed martin",342
"750","lockheed martinaeronautical system",5
"751","lockheed martinaust p/l-aud",5
"752","lockheed martincorp dba lockheed m",15
"753","lockheed martincorp!naval electron",5
"754","lockheed martincorporation",5
"755","lockheed martinsippican",5
"756","lockheed-martin",6
"757","lumension security sa",5
"758","lyndacom",11
"759","m3 engineering & technology corpora",10
"760","macarthur radiation oncology dept",7
"761","maccor",10
"762","macdonald dettwiler and associates",13
"763","macdonald dettwiler and associates mda",6
"764","mactaggart scott",6
"765","madang resort hotel",7
"766","magnetic ticket & label",5
"767","mainami kuko services",10
"768","malcolm k sparrow",8
"769","manila peninsula hotel",6
"770","marin",26
"771","maritime surveillance",5
"772","maritime surveillance adviser msa o",7
"773","maritime surveillance adviser palau",15
"774","maritime surveillance advisor",20
"775","mark dosseter",5
"776","martec",19
"777","martin baker aircraft",309
"778","martine van de velde",5
"779","marvin engineering",20
"780","marvin engineering dba ma",31
"781","marvin engineering dba mar",7
"782","mary m mccoy",5
"783","mass communications",5
"784","mast technology",7
"785","mater misericordiae public hospital",11
"786","matra bae dynamics uk",19
"787","mbda missile systems",80
"788","mbda uk",29
"789","mca industries",6
"790","mcnally industries",7
"791","mda geospatial services",6
"792","mda systems",153
"793","mechdyne",18
"794","medicom",5
"795","medtherm",6
"796","meggitt avionics",9
"797","meggitt defense systems",11
"798","meggitt training systems canada",21
"799","mel aviation",10
"800","melhuish charles m",15
"801","mergent",7
"802","meridian medical technologies",22
"803","metacomp technologies",9
"804","metadata technology north america",6
"805","metals economics group",5
"806","metavr",11
"807","meteorological service of nz",5
"808","metocean",7
"809","metocean data systems",10
"810","mhd-rockland",28
"811","mick foster economics",6
"812","micro-g lacoste",7
"813","microhard systems",5
"814","microwave engineering corporation d",6
"815","mid facility management",5
"816","miehlbradt consulting",10
"817","mileq technologies pte",13
"818","military aviation spares",24
"819","milli savunma bakanligi (mod)",16
"820","millitech",6
"821","milspec services",10
"822","ming feng packaging",48
"823","ming feng packaging manufactur",24
"824","ming feng packaging manufacturer",9
"825","ministry of defence",20
"826","ministry of defence - netherlands",5
"827","ministry of defence dstl",13
"828","ministry of defence t/a defence",6
"829","ministry of defence t/a defence bus",61
"830","ministry of defence-defence procure",32
"831","mitsubishi heavy industries",5
"832","mmic eod",8
"833","mod public sub account hmg 1086",149
"834","monterey technologies",9
"835","monz",27
"836","moog australia",7
"837","mooney john william spencer",6
"838","morgan peter john",8
"839","mott macdonald",12
"840","motulu nai",6
"841","mr paul rizzo",10
"842","msa contingent account",16
"843","msa contingent account msa-marshall",18
"844","msc software (s) pte",7
"845","msl travel dn bhd",15
"846","msl travel-pen-moto",17
"847","mtu detroit diesel australia  - eur",6
"848","mulesoft",5
"849","multi-pack",18
"850","munition safety information analysi",11
"851","munze osterreich",15
"852","myip",10
"853","nahema",16
"854","nahum construction and renovation",6
"855","nammo lapua oy",10
"856","nammo raufoss a/s",27
"857","namsa",19
"858","nanometrics",7
"859","nape expo lp",5
"860","national economic research associates",11
"861","national forensic science technolog",15
"862","national institute of water and atmospheric research",6
"863","national superannuation fund",7
"864","national test pilot school",20
"865","national university of singapore",6
"866","nato bices agency (nba)",9
"867","nato seasparrow surface",6
"868","nato seasparrow surface missile",9
"869","nato seasparrow surface missile sys",99
"870","nature publishing group",24
"871","naval sea systems command",14
"872","navantia sa",29
"873","ncoic",7
"874","new lenox machine",8
"875","new zealand defence force",7
"876","new zealand police",8
"877","newcastle mater hospital",12
"878","newsbank",5
"879","nexter munitions",10
"880","nimmo-bell & company",5
"881","niue meteorological service",5
"882","niwa instrument systems",5
"883","niwa vessel management",9
"884","nj froment",7
"885","norcatec llc dba norcatec",8
"886","nordic camp supply",137
"887","nordic camp supply aps",31
"888","nordic defence industries a/s",22
"889","nordmetall",18
"890","norfolk forwarding services",5
"891","norfolk island real estate",8
"892","north american manufacturing compan",7
"893","north american rescue products",5
"894","northrop grumman",222
"895","northrop grumman international",5
"896","northrop grumman space & mission sy",19
"897","northrop grumman systems corporatio",49
"898","noske-kaeser nz",126
"899","nous group the",5
"900","nsaf",10
"901","nuance communications int bvba",28
"902","nufern",15
"903","nufern dba nufern",41
"904","nufern!dba nufern",6
"905","nyfix global services",7
"906","oag aviation worldwide pte",6
"907","oag worldwide",5
"908","oasis-lmc",6
"909","object management group",10
"910","oceania customs organisation",5
"911","odense maritime technology a/s",13
"912","oecd",55
"913","office of the bursar working fund",10
"914","oil states industries dba spec",8
"915","open geospatial consortium",23
"916","opnet technologies",17
"917","ops-core",15
"918","opswat",7
"919","optimax systems",7
"920","ordnance technology service",13
"921","organisation internationale de metrologie legale",5
"922","oshkosh defense",32
"923","overdrive",6
"924","overseas development group",8
"925","overseas development institute",36
"926","ovid technologies",9
"927","owlstone",5
"928","oxford analytica",14
"929","oxford policy management",15
"930","oxford said business school",6
"931","oxford university press",5
"932","pacific aerospace consulting",17
"933","pacific aviation safety office",5
"934","pacific energy aviation",63
"935","pacific institute of public policy",10
"936","pacific scientific energetic materi",6
"937","palantir technologies",14
"938","paterva",5
"939","patrick defence log's - usd",6
"940","paul buck",6
"941","pdf tools",6
"942","pearson engineering",28
"943","penske power systems  - eur",5
"944","perforce software",7
"945","periscope",7
"946","permedia research group",6
"947","peter bazeley development consulting",35
"948","peter maccallum cancer institute",33
"949","peter raymond callaghan",7
"950","phire",5
"951","pilatus aircraft",929
"952","pinkmatter solutions",16
"953","plans & solutions",5
"954","platts",11
"955","platts/mcgraw-hill",7
"956","plum consulting",16
"957","pluralsight",14
"958","pointwise",7
"959","pomeroy jacqueline l",6
"960","poongsan",122
"961","prepack",305
"962","presagis canada",30
"963","pricewaterhousecoopers honiara",5
"964","pricewaterhousecoopers png",6
"965","prime recognition",8
"966","princess alexandra hospital",11
"967","prismtech",9
"968","private",6
"969","private individual",63
"970","private individual - dubai",6
"971","private individual - india",7
"972","private individual - jakarta",5
"973","private individual-singapore",5
"974","professor james crawford",5
"975","prolog development center",6
"976","prolog development centre",11
"977","prologic",9
"978","proquest",86
"979","proquest information & learning",5
"980","proquest information and learning",15
"981","prosec security & communications t/a protect security & pacom communications",6
"982","proton energy systems",24
"983","psa marine (pte)",5
"984","pt geoff forrester indonesia",8
"985","pt triadi",5
"986","ptt public",15
"987","pulse systems",7
"988","qantas",7
"989","qantas airways",44
"990","qantas airways limit",25
"991","qantas415-7425222",8
"992","qcoherent software",6
"993","qinetiq",24
"994","qinetiq consulting",9
"995","qioptiq",32
"996","qsm",8
"997","quality thin films",11
"998","qualtrics",24
"999","quark software",9
"1000","queen's university at kingston",8
"1001","quest software international",12
"1002","questel orbit",6
"1003","r e darling",5
"1004","r/m equipment",25
"1005","radar systems technologyorporat",5
"1006","radiation and oncology centre",12
"1007","radiation oncology associates",10
"1008","radiation oncology centre",11
"1009","radio tactics",10
"1010","rafael advanced defense systems",16
"1011","rainbow research optics",6
"1012","rally software development",5
"1013","ramsey electronics",10
"1014","rand corporation",9
"1015","rand corporation rand",16
"1016","rapanea consulting",5
"1017","raytheon",6
"1018","raytheon canada limited dba elcan o",9
"1019","raytheon company dba raytheon",38
"1020","raytheon company!dba raytheon",6
"1021","raytheon virtual technology",5
"1022","real time logic",5
"1023","rebecca calder",6
"1024","recall total information management aust",5
"1025","receiver general for canada",7
"1026","receiver general for canada public",39
"1027","red sea housing services",11
"1028","redcliffe international (shipping)",10
"1029","reed business information",5
"1030","reed elsevier nederland",14
"1031","refraction technology",9
"1032","regulatory economics",10
"1033","regulus global",5
"1034","relli technology",18
"1035","relx nederland",5
"1036","replicon",8
"1037","research systems dba itt visua",8
"1038","response systems",7
"1039","retro track and air",5
"1040","reveal marketing group",7
"1041","rexon tld systems",23
"1042","rheinmetall waffe munition",8
"1043","rheinmetall waffe munition gmbh nie",11
"1044","ricardo",5
"1045","ricardo uk",7
"1046","richmond eei",6
"1047","ridgecrest inn",6
"1048","ridgeway international",102
"1049","riverina cancer care centre",11
"1050","rmit international university",12
"1051","rms engineering and construction",10
"1052","robertson fuel systems",16
"1053","rock oil engineering",7
"1054","rock oil global sdn bhd",13
"1055","rockwell collins",12
"1056","rockwell collins dba governme",6
"1057","rockwell collins dba governmen",8
"1058","rockwell collins div governmen",15
"1059","rockwell collins services",9
"1060","rolls - royce",38
"1061","rolls royce",7
"1062","rolls royce (aero repair & overhaul",12
"1063","rolls-royce",246
"1064","rolls-royce power engineering plc (",45
"1065","rosenbauer international",10
"1066","rosetta stone",10
"1067","royal mint",10
"1068","royal north shore hospital",11
"1069","royal prince alfred hospital",12
"1070","rpc telecommunications",6
"1071","rsa security ireland",5
"1072","rstudio",6
"1073","rtds technologies",10
"1074","ruag ammotec",6
"1075","rwm italia spa",10
"1076","saab",6
"1077","saab ab (publ) - electronic defence",13
"1078","saab barracuda",8
"1079","saab bofors dynamics",69
"1080","saab bofors dynamics ab infantry we",21
"1081","saab dynamics",59
"1082","saab microwave systems",20
"1083","saba software",8
"1084","sabre systems",15
"1085","safari books online",24
"1086","safariland",5
"1087","safe air",29
"1088","safe software",9
"1089","safe tactics",5
"1090","sage publications",7
"1091","sagem communication - groupe safran",20
"1092","sagem sa",8
"1093","sailpoint technologies",7
"1094","sandel avionics",18
"1095","sans institute",9
"1096","sans institute conference office",23
"1097","sarinz - search & rescue institute",11
"1098","saudi naval support",11
"1099","scaletta moloney armouring",6
"1100","scanditel",6
"1101","scanmar as",5
"1102","scheduall",7
"1103","schmidt & bender gmbh & kg",14
"1104","school of engineering cranfield un",18
"1105","schuler pressen",5
"1106","science applications international",11
"1107","sciencedirect",6
"1108","scientific software & systems",8
"1109","scribe software",6
"1110","search for common ground",5
"1111","seaview montville trust (peter deacon)",6
"1112","sececam",5
"1113","secondnature international",10
"1114","secretariat of the pacific community",21
"1115","secunia",5
"1116","securities industry delvelopment",6
"1117","seiler instrument and manufacturing",7
"1118","seismic micro - technology smt",6
"1119","selex communications",5
"1120","selex elsag",10
"1121","selex es",77
"1122","selex es spa",26
"1123","selex sistemi integrati",5
"1124","selex sistemi integrati spa",33
"1125","semco instruments",10
"1126","sensage",5
"1127","serious organisationed crime agency",6
"1128","seven seas shipchandlers",15
"1129","seven seas shipschandlers",335
"1130","sevencs",6
"1131","shanghai ao chang int' trade c",7
"1132","shanghai iactionconstruction decoration design engineering",5
"1133","shanghai spring international trade",11
"1134","shangri-la",6
"1135","shangri-la's fijian resort & spa",6
"1136","shanhai ao chang int trade",5
"1137","shape budfin",10
"1138","shark marine technologies",5
"1139","shell malaysia trading sdn bhd",19
"1140","shenzhen jingelangyi technology",5
"1141","sheraton bandung hotel & towers",8
"1142","sherrell ocean services",5
"1143","shoreside marine",17
"1144","siemens industry software pte",7
"1145","sikorsky aircraft",15
"1146","simpower",12
"1147","singapore airlines",6
"1148","singapore airshow & events pte",6
"1149","singapore food industries",7
"1150","singapore precision industries",5
"1151","singapore technologies marine",13
"1152","sir alister hardy foundation for oc",8
"1153","sir charles gairdner hospital",13
"1154","sir joseph isherwood",14
"1155","sirsidynix eos",7
"1156","sirtrack",9
"1157","sitrion",8
"1158","ska organisation",7
"1159","slm solutions",6
"1160","smartbear (ireland)",10
"1161","smartbear software",6
"1162","smartsat",6
"1163","social impact",6
"1164","software metrics dba dressage e",11
"1165","solarwinds software europe",12
"1166","solomon kitano hotel",7
"1167","sonobuoy techsystems",10
"1168","sopac - pacific applied geoscience commission",7
"1169","sourcefire",10
"1170","south pacific board for educational assessment (spbea)",14
"1171","south pacific oil",6
"1172","southeast asian ministers of",5
"1173","sp defense",6
"1174","space electronics",5
"1175","spaleck oberflachentechnik",9
"1176","specialist technologies",6
"1177","spectrum geo",7
"1178","sperian protection defense",5
"1179","spie-the intl society for optical e",12
"1180","splendour villas",8
"1181","splunk",23
"1182","springer",11
"1183","springer nature",6
"1184","sprout social",6
"1185","spyderco dba spyderco knives",6
"1186","squared up",5
"1187","sro solutions",7
"1188","st vincents hospital sydney",10
"1189","standard aero",7
"1190","starnet communications",5
"1191","stars (tl)",21
"1192","statewide oil distributor",10
"1193","statt consulting",9
"1194","steelfort engineering",26
"1195","stephen kidd",8
"1196","stephens alexandra",5
"1197","steward advanced materials",7
"1198","stichting deltares",6
"1199","stingray optics",6
"1200","stn-colombus",20
"1201","stockholm environment institute (sei)",6
"1202","stove properties",6
"1203","strategic technical services",7
"1204","stratfor",5
"1205","stratos",71
"1206","stratos (netherlands/usa)",7
"1207","sun test systems",22
"1208","supacat",167
"1209","supreme foodservice fze",13
"1210","surefire",46
"1211","survival systems",6
"1212","sustainable development solutions",8
"1213","switlik parachute",5
"1214","syarikat henson enterprise",6
"1215","sydney radiotherapy",9
"1216","symantec",63
"1217","sympatico solutions",7
"1218","synexe consulting",5
"1219","synthesys systems engineers",7
"1220","sypris electronics",13
"1221","system planning",22
"1222","systematic software engineering",15
"1223","systems & electronics",8
"1224","systems research and applications",6
"1225","tableau software",22
"1226","tactical support equipment",6
"1227","taiwan external trade development council",7
"1228","taj palace hotel",10
"1229","talent international (act)",7
"1230","tan siew chin sdn bhd",11
"1231","tan won chai & ong wang fei",8
"1232","tang mow",7
"1233","tanoa tusitala hotel",5
"1234","tanorama",6
"1235","tapestry solutions",15
"1236","tax analysts",11
"1237","te & jl deecke - usd",5
"1238","teamstudio",11
"1239","technical scholarships",5
"1240","technologeeks training & consulting",8
"1241","techsearch",7
"1242","tecmotiv (usa)",6
"1243","tecolote research",16
"1244","teel technologies",5
"1245","teer coating",9
"1246","telecomm strategies",5
"1247","teledyne reynolds",42
"1248","telemetry & communications systems",11
"1249","telephonics",12
"1250","telerik",6
"1251","telstra",6
"1252","terma a/s",6
"1253","terrago technologies",13
"1254","terrain consulting",12
"1255","terralink international",5
"1256","terrasim",24
"1257","thales uk",186
"1258","the administrative centre for china's agenda 21",11
"1259","the american school in japan",5
"1260","the asia foundation",19
"1261","the corporate executive board",43
"1262","the diplomat radisson",6
"1263","the economist$",12
"1264","the escal institute",6
"1265","the federal executive institute",5
"1266","the fiber optic marketplace",9
"1267","the frame group",5
"1268","the galleria investments",9
"1269","the idl group",20
"1270","the iet",8
"1271","the ritz carlton",5
"1272","the robert gordon university",5
"1273","the royal mint",6
"1274","the saint christopher school associ",5
"1275","the springfield centre for business in development",38
"1276","the united kingdom hydrographic off",10
"1277","the university of glasgow",5
"1278","the university of the south pacific",5
"1279","the vintage aviator",5
"1280","the weather balloon",20
"1281","the welding institute",13
"1282","the worldfish centre",9
"1283","thermoanalytics",12
"1284","thomson reuters",99
"1285","thorlabs",7
"1286","thyssenkrupp marine systems",5
"1287","tibco software",20
"1288","times microwave systems",7
"1289","timetric",5
"1290","timor telecom",12
"1291","titus labs",12
"1292","tno innovation for life",8
"1293","tokyo international school",5
"1294","toll international",5
"1295","totex",16
"1296","townsville general hospital",11
"1297","track analysis systems",6
"1298","transaero",119
"1299","transfinite systems",8
"1300","transition solutions group",5
"1301","transplant connect",9
"1302","trelleborg industries",10
"1303","tresys technology",8
"1304","trijicon",25
"1305","trimble europe",6
"1306","tripwire",19
"1307","triumph actuation systems",16
"1308","triumph gear systems",12
"1309","triumph gear systems dba triu",66
"1310","triumph gear systems!dba",10
"1311","triumph gear systems$",17
"1312","trivec-avant",14
"1313","trl technology",53
"1314","truechoice solutions",7
"1315","tug technologies",5
"1316","uk ministry of defence",7
"1317","ultra electronics$",53
"1318","unep trust fund",7
"1319","united aviation services",8
"1320","united nations development program",10
"1321","united states pharmacopoeia",5
"1322","united technologies corporation",5
"1323","unity resources group",37
"1324","universal propulsion",9
"1325","universal propulsion company di",8
"1326","universal systems caris",35
"1327","universal weather and aviation",7
"1328","universalia management group",5
"1329","university college london",5
"1330","university corporation for atmospheric research",9
"1331","university of maryland",5
"1332","university of melbou",5
"1333","university of oxford",18
"1334","university of south pacific",5
"1335","university of southampton",8
"1336","university of the south pacific",10
"1337","university of wisconsin-madison",5
"1338","unspam technologies",6
"1339","upov",7
"1340","uptodate",9
"1341","us centaf 9th af-fma",6
"1342","us dept of the interior - usgs",6
"1343","us geological survey",5
"1344","usg products",5
"1345","ustranscom-dcd dba defense courier",12
"1346","verizon wireless",13
"1347","viasat",146
"1348","vimala menon  a/p pb menon",5
"1349","vinci technologies",6
"1350","virtual graffiti",7
"1351","vision systems international",6
"1352","vmware",103
"1353","volt services group",21
"1354","vt aepco",5
"1355","w p holman clinic",11
"1356","wais naeem engineering group",8
"1357","walker & wright",9
"1358","wallop defence systems",8
"1359","walter graham melvyn",10
"1360","waterfall solutions",5
"1361","waterfront foodworld",8
"1362","weatherhaven",11
"1363","wegmann usa",6
"1364","weibel scientific a/s",9
"1365","wells fargo bank na",5
"1366","wescam",14
"1367","westar aerospace & defense group in",18
"1368","westland helicopters",52
"1369","wfel",43
"1370","widayanto gatot",5
"1371","wik wissenschaftliches institute",5
"1372","wik-consult",7
"1373","wildlife computers",16
"1374","wiley subscription service$",17
"1375","will-burt company the div mast bus",6
"1376","william s hein$",5
"1377","wilson cook and co",7
"1378","winning moves",17
"1379","winter john",7
"1380","wise pearl",48
"1381","wolf technical engineering",8
"1382","wolters kluwer health",7
"1383","wood mackenzie",15
"1384","woods hole oceanographic institution",8
"1385","world agroforestry centre",10
"1386","world customs organisation",6
"1387","world fuel services",398
"1388","world health organisation",8
"1389","world intellectual property organisation",16
"1390","world meteorological organisation",13
"1391","world money fair berlin",8
"1392","world road association (piarc)",11
"1393","worldfish centre",7
"1394","x-ways software technology",7
"1395","xsens technologies",5
"1396","zenoss",16
"1397","zeon international",5
"1398","zetaware",6
"1399","zf luftfahrttechnik",30
"1400","zoho",16
