"","x"
"1","administrative appeals tribunal"
"2","attorney-general's department"
"3","austrade"
"4","australian broadcasting corporation"
"5","australian bureau of statistics"
"6","australian centre for international agricultural research"
"7","australian communications and media authority (acma)"
"8","australian competition and consumer commission"
"9","australian criminal intelligence commission"
"10","australian customs and border protection service"
"11","australian electoral commission"
"12","australian fair pay commission"
"13","australian federal police"
"14","australian financial security authority"
"15","australian human rights commission"
"16","australian industrial registry"
"17","australian institute of family studies"
"18","australian maritime safety authority"
"19","australian national audit office (anao)"
"20","australian office of financial management"
"21","australian prudential regulation authority (apra)"
"22","australian public service commission"
"23","australian radiation protection and nuclear safety agency (arpansa)"
"24","australian research council"
"25","australian securities and investments commission"
"26","australian sports anti-doping authority (asada)"
"27","australian taxation office"
"28","australian transaction reports and analysis centre (austrac)"
"29","australian war memorial"
"30","bureau of meteorology"
"31","crs australia"
"32","csiro"
"33","cancer australia"
"34","centrelink"
"35","child support agency"
"36","civil aviation safety authority"
"37","commonwealth grants commission"
"38","comsuper"
"39","crimtrac"
"40","defence materiel organisation"
"41","department of agriculture and water resources"
"42","department of communications, information technology and the arts"
"43","department of defence"
"44","department of education, science and training"
"45","department of employment and workplace relations"
"46","department of families, community services & indigenous affairs"
"47","department of family and community services (facs)"
"48","department of finance"
"49","department of foreign affairs and trade"
"50","department of foreign affairs and trade - australian aid program"
"51","department of health"
"52","department of home affairs"
"53","department of human services"
"54","department of human services retired"
"55","department of immigration and multicultural affairs"
"56","department of industry, tourism and resources"
"57","department of parliamentary services"
"58","department of transport and regional services"
"59","department of veterans' affairs"
"60","department of the environment and energy"
"61","department of the environment and heritage"
"62","department of the environment and water resources"
"63","department of the house of representatives"
"64","department of the prime minister and cabinet"
"65","department of the senate"
"66","department of the treasury"
"67","director of national parks"
"68","equal opportunity for women in the workplace agency"
"69","family court and federal circuit court"
"70","federal circuit court of australia"
"71","federal court of australia"
"72","future fund management agency"
"73","geoscience australia"
"74","ip australia"
"75","medicare australia"
"76","national archives of australia"
"77","national blood authority"
"78","national capital authority"
"79","national competition council"
"80","national health and medical research council"
"81","national library of australia"
"82","national museum of australia"
"83","national native title tribunal"
"84","national offshore petroleum safety authority"
"85","national water commission"
"86","office of national assessments"
"87","office of parliamentary counsel"
"88","office of the australian building and construction commissioner (abcc)"
"89","office of the commonwealth ombudsman"
"90","office of the director of public prosecutions"
"91","office of the inspector-general of intelligence and security"
"92","office of the official secretary to the governor-general"
"93","office of the privacy commissioner"
"94","private health insurance ombudsman"
"95","productivity commission"
"96","questacon"
"97","reserve bank of australia"
"98","royal australian mint"
"99","therapeutic goods administration"
"100","tourism australia"
"101","workplace ombudsman"
"102","australian building and construction commission"
"103","australian fisheries management authority"
"104","australian nuclear science and technology organisation (ansto)"
"105","australian pesticides and veterinary medicines authority"
"106","comcare"
"107","dairy adjustment authority"
"108","department of climate change"
"109","department of communications and the arts"
"110","department of education employment and workplace relations"
"111","department of families, housing, community services and indigenous affairs"
"112","department of industry, innovation and science"
"113","department of infrastructure transport regional development and local government"
"114","department of resources energy and tourism"
"115","department of social services"
"116","department of the environment water heritage and the arts"
"117","export wheat commission"
"118","great barrier reef marine park authority"
"119","migration review tribunal and refugee review tribunal (mrt-rrt)"
"120","national offshore petroleum safety and environmental management authority"
"121","office of the australian information commissioner"
"122","old parliament house"
"123","professional services review"
"124","wheat exports australia"
"125","workplace authority"
"126","workplace gender equality agency"
"127","fair work commission"
"128","fair work ombudsman and registered organisations commission entity"
"129","grains research and development corporation"
"130","murray-darling basin authority"
"131","office of the renewable energy regulator"
"132","australian commission for law enforcement integrity"
"133","australian institute of health and welfare"
"134","australian transport safety bureau"
"135","clean energy regulator"
"136","department of climate change and energy efficiency"
"137","department of infrastructure and transport"
"138","department of regional australia, local government, arts and sport"
"139","export finance and insurance corporation (efic)"
"140","office of the auditing and assurance standards board"
"141","office of the australian accounting standards board"
"142","organ and tissue authority"
"143","safe work australia"
"144","social security appeals tribunal"
"145","australian national preventive health agency"
"146","commonwealth of australia"
"147","department of health - therapeutic goods administration"
"148","national gallery of australia"
"149","tertiary education quality and standards agency"
"150","australian institute of criminology"
"151","australian law reform commission"
"152","australian skills quality authority"
"153","climate change authority"
"154","independent hospital pricing authority"
"155","national mental health commission"
"156","parliamentary budget office"
"157","sydney harbour federation trust"
"158","telecommunications universal service management agency"
"159","department of infrastructure, regional development and cities"
"160","inspector-general of taxation"
"161","national health funding body"
"162","national health performance authority"
"163","asbestos safety and eradication agency"
"164","australian aged care quality agency"
"165","australian national maritime museum"
"166","department of education and training"
"167","department of jobs and small business"
"168","digital transformation agency"
"169","seacare"
"170","entity name: starhill hotel (melbourne) pty ltd"""
"171","independent parliamentary expenses authority"
"172","infrastructure and project financing agency"
"173","australian digital health agency"
